tt0416449,300 спартанцев,"События картины повествуют о кровопролитной битве при Фермопилах в 480 году до н.э., в которой триста отважных спартанцев во главе со своим царем Леонидом преградили путь многотысячной армии персидского царя Ксеркса. Несмотря на численный перевес персов, спартанцы продолжали упорную оборону, проявив мужество и отвагу. Их бесстрашие и героизм вдохновили всю Грецию на объединение против непобедимого врага, переломив тем самым ход Греко-персидских войн..."
tt0473075,Принц Персии: Пески времени,"Главный герой этой экранизации культовой компьютерной игры, юный принц Дастан всегда побеждал врагов в бою, но потерял королевство из-за козней коварного царедворца. Теперь Дастану предстоит похитить из рук злодеев могущественный магический артефакт, способный повернуть время вспять и сделать своего владельца властелином мира. Помочь одолеть врагов Дастану помогут его блестящие навыки владения холодным оружием, а также недюжинные способности к акробатике и эквилибристике."
tt0338526,Ван Хельсинг,"Глубоко в Карпатах лежит таинственная страна Трансильвания — мир, в котором зло встречается на каждом шагу, мир, в котором опасность оживает с заходом солнца, и где монстры, живущие в глубине человеческих кошмаров, обретают форму. В этот мир попадает легендарный охотник на чудовищ Ван Хельсинг, рождённый на страницах романа «Дракула» Брэма Стокера. В своей непрерывной битве против сил зла и за освобождение мира от порождений ада, Ван Хельсинг, по заданию секретного общества, отправляется в Трансильванию, чтобы скрестить оружие со смертельно опасным, наделённым неведомой силой графом Дракулой. На помощь ему внезапно приходит бесстрашная Анна Валери, поставившая целью избавить свою семью от векового проклятья, наложенного убитым вампиром."
tt0241527,Гарри Поттер и философский камень,"Жизнь десятилетнего Гарри Поттера нельзя назвать сладкой: его родители умерли, едва ему исполнился год, а от дяди и тётки, взявших сироту на воспитание, достаются лишь тычки да подзатыльники. Но в одиннадцатый день рождения Гарри всё меняется. Странный гость, неожиданно появившийся на пороге, приносит письмо, из которого мальчик узнаёт, что на самом деле он волшебник и принят в Хогвартс - школу магии. А уже через пару недель Гарри будет мчаться в поезде Хогвартс-экспресс навстречу новой жизни, где его ждут невероятные приключения, верные друзья и самое главное - ключ к разгадке тайны смерти его родителей."
tt0295297,Гарри Поттер и Тайная комната,"Гарри Поттер переходит на второй курс Школы чародейства и волшебства Хогвартс. Эльф Добби предупреждает Гарри об опасности, которая поджидает его там, и просит больше не возвращаться в школу. Юный волшебник не следует совету эльфа и становится свидетелем таинственных событий, разворачивающихся в Хогвартсе. Вскоре Гарри и его друзья узнают о существовании Тайной Комнаты и сталкиваются с новыми приключениями, пытаясь победить темные силы."
tt0304141,Гарри Поттер и узник Азкабана,"В третьей части экранизации бестселлера о юном волшебнике, полюбившиеся всем герои — Гарри Поттер, Рон и Гермиона — возвращаются уже на третий курс школы чародейства и волшебства «Хогвартс». На этот раз они должны раскрыть тайну узника, сбежавшего из зловещей тюрьмы Азкабан, чье пребывание на воле создает для Гарри смертельную опасность."
tt0330373,Гарри Поттер и Кубок огня,"Гарри Поттер, Рон и Гермиона возвращаются на четвертый курс школы чародейства и волшебства «Хогвартс». При таинственных обстоятельствах Гарри отобран в число участников опасного соревнования - Турнира Трех Волшебников, однако проблема в том, что все его соперники - намного старше и сильнее. К тому же, знаки указывают на возвращение Лорда Волдеморта. Вскоре Гарри предстоит побороться не только за победу в соревновании, но и, прежде всего, за свою жизнь..."
tt0373889,Гарри Поттер и Орден Феникса,"Гарри проводит свой пятый год обучения в школе Хогвартс и обнаруживает, что многие из членов волшебного сообщества отрицают сам факт недавнего состязания юного волшебника с воплощением вселенского зла Волдемортом, делая вид, что не имеют ни малейшего представления о том, что злодей вернулся. Опасаясь, что почтенный глава Хогвартса Альбус Дамблдор распространяет лживые слухи о возвращении Волдеморта, стремясь подорвать авторитет Министра Магии Корнелиуса Фаджа и в дальнейшем занять его место, Корнелиус назначает нового профессора защиты от темных искусств, который должен будет пристально следить за Дамблдором и студентами Хогвартса. Но одобренный министерством курс лекций по защитной магии профессора Долорес Амбридж оказывается на практике абсолютно бесполезным — юные волшебники просто неспособны противостоять действию темных сил, угрожающих им и всему волшебному сообществу. И тогда, по настоянию своих друзей, Гермионы и Рона, Гарри берет инициативу в свои руки. Тайно встречаясь с небольшой группой студентов, называющей себя Отрядом Дамблдора, Гарри обучает их самозащите от темных сил, готовя отважных волшебников к необычной схватке, которая ждет их впереди."
tt0417741,Гарри Поттер и Принц-полукровка,"Теперь не только мир волшебников, но и мир маглов ощущает на себе все возрастающую силу Волан-де-Морта, а Хогвартс уже никак не назовешь надежным убежищем, каким он был раньше. Гарри подозревает, что в самом замке затаилась некая опасность, но Дамблдор больше сосредоточен на том, чтобы подготовить его к финальной схватке, которая, как он знает, уже не за горами. Вместе они пытаются разгадать секрет бессмертия Волан-де-Морта, а для этого Дамблдор приглашает на должность преподавателя по зельеварению своего старинного друга и коллегу - профессора Горация Слизнорта, который обожает устраивать вечеринки для избранных и гордится своими обширными связями в высших кругах. Но этот бонвиван и не подозревает, что как раз от него Дамблдор надеется заполучить самую важную информацию о крестражах. Тем временем учеников атакуют самые разные враги, а подростковые эмоции хлещут через край. Гарри начинает понимать, что становится все более неравнодушным к Джинни, однако, и Дин Томас тоже. А Лаванда Браун вбила себе в голову, что Рон - тот самый единственный, которого она ждет, да вот только не учла волшебного эффекта шоколадных конфет Ромильды Вейн! Ну и, наконец, Гермиона пылает жгучей ревностью, но старается не показывать своих чувств. Пока романтические отношения расцветают, лишь один ученик остается в стороне. Он твердо намерен оставить свою метку, темную метку. Любовь витает в воздухе, но впереди ждет беда, и Хогвартс, возможно, уже никогда не будет прежним."
tt0926084,Гарри Поттер и Дары Смерти: Часть 1,"Гарри Поттера ждёт самое страшное испытание в жизни - смертельная схватка с Волан-де-Мортом. Ждать помощи не от кого - Гарри одинок, как никогда... Друзья и враги Гарри предстают в совершенно неожиданном свете. Граница между Добром и Злом становится всё призрачнее..."
tt1201607,Гарри Поттер и Дары Смерти: Часть 2,"В грандиозной последней главе битва между добрыми и злыми силами мира волшебников перерастает во всеобщую войну. Ставки ещё никогда не были так высоки, а поиск убежища - столь сложен. И быть может именно Гарри Поттеру придется пожертвовать всем в финальном сражении с Волан-де-Мортом. Способен ли наш герой спасти мир? И всё закончится здесь."
tt0145487,Человек-паук,"Еще вчера Питер Паркер был обычным школьником, которого все считали неудачником и занудой, но в один прекрасный день с ним происходит чудо. Питера кусает паук-мутант, после чего с нескладным юношей происходит фантастическая метаморфоза! Невероятным образом обостряются все его чувства. Он обретает огромную силу и ловкость, а главное, умение лазать по стенам и выбрасывать прочную как сталь паутину! Так Питер начинает новую жизнь в образе таинственного Человека-паука, спасителя людей и грозы преступного мира. Но там, где есть супергерой, рано или поздно всегда объявляется и суперзлодей. И вскоре Человеку-пауку придется сразиться с Зеленым Гоблином — терроризирующим город монстром на летающем глайдере. В этой великой битве решится не только их судьба, но и судьбы тысяч жителей города..."
tt0316654,Человек-паук 2,"С момента событий, произошедших в первом фильме, прошло два года. Тихоня Питер Паркер сталкивается с новыми проблемами: он борется со своим «даром и проклятьем», отчаянно пытаясь балансировать на грани двух своих жизней: метающего паутину супергероя Человека-Паука и обычного студента колледжа... Мучимый своими секретами, Питер понимает, что его отношения со всеми, кто ему дорог, в опасности или заходят в тупик. Его любовь к Мэри Джейн становится еще сильнее, обостряемая порывом Питера раскрыть ей свой секрет и признаться в любви. Дружба с Гарри осложняется горечью молодого Осборна по умершему отцу и всё большим желанием отомстить Человеку-Пауку. Даже любимая тетушка Мэй, у которой были нелегкие времена после смерти дяди Бена, начинает что-то подозревать насчет своего племянника. Жизнь Питера становится еще более сложной, когда он сталкивается с новым суперзлодеем — доктором Отто Октавиусом. Питер должен использовать все свои суперспособности, чтобы одолеть этого жестокого безумца с восемью конечностями..."
tt0413300,Человек-паук 3: Враг в отражении,"Прошло пять лет с тех пор, как Питер осознал, что «с Великой силой приходит Великая ответственность!», и три года с тех пор, как он отказался быть борцом за справедливость. Но сейчас кажется, Питер прекрасно научился жить несколькими жизнями. Он хорошо учится, Нью-Йорк признал его героем, отношения с Мэри Джейн прочные. Питер даже намеревается сделать ей предложение! Но к сожалению, его лучший друг Гарри Озборн по-прежнему считает, что именно Человек-паук несет ответственность за безвременную кончину его отца. Гарри намеревается отомстить ему в образе Нового Гоблина. В то же самое время на криминальной сцене Нью-Йорка появляется другой могущественный суперзлодей, известный как Песочный Человек. Когда Человек-паук надевает таинственный черный костюм, его темная, более мстительная сторона полностью поглощает его. Эти трансформации заставляют его встретиться с самым сильным противником ? с самим собой..."
tt0267804,Противостояние,"Что делать, если твой мир рушится, когда в него вторгается безжалостный пришелец из параллельных миров? Стремясь стать сверхчеловеком, агент Межпространственного Бюро Расследований Юло совершает головокружительное сафари по параллельным мирам, охотясь за своими двойниками. Силы его растут с каждой новой жертвой, их жизненная энергия аккумулируется в нем, наделяя его невероятными способностями. Никто не знает, что случится с хрупким равновесием вселенных, если Юло достигнет своей цели - уничтожить всех двойников. Его мечта уже почти становится реальностью, когда на пути Юло становится Гэйб - полицейский из Лос-Анджелеса..."
tt0346631,Кровь и кость,"После выхода на волю, бывший заключённый Исай Бон (Майкл Джей Уайт) по кличке ""Кость"" снимает себе комнату и начинает участвовать в уличных драках, в глухих переулках Лос-Анджелеса, чтобы выполнить обещание данное другу, убитому в тюрьме. Он быстро становится чемпионом в нелегальных боях и бросает вызов местному гангстеру Джеймсу, который намерен использовать Исая в своих целях."
tt0892769,Как приручить дракона,"Вы узнаете историю подростка Иккинга, которому не слишком близки традиции его героического племени, много лет ведущего войну с драконами. Мир Иккинга переворачивается с ног на голову, когда он неожиданно встречает дракона Беззубика, который поможет ему и другим викингам увидеть привычный мир с совершенно другой стороны..."
tt1646971,Как приручить дракона 2,"С момента примирения викингов и драконов прошло пять лет. Пока Астрид, Сморкала и остальные ребята проводят время, соревнуясь друг с другом в популярных на острове драконьих гонках, Иккинг и Беззубик путешествуют по небу, составляя карту неизвестных мест. Когда одно из их приключений приводит к открытию тайной ледяной пещеры, которая является домом для сотен ранее невиданных диких драконов и таинственного драконьего всадника, два друга оказываются в центре битвы за защиту мира."
tt0457024,Князь Владимир,"Невиданная и загадочная древняя Русь, утопающая в красках первозданной природы и старинных праздников. Деревянные города и необъятные просторы, жестокие сражения и щедрые пиры, шумные ярмарки и грандиозные охоты. На фоне всех этих исторических событий и удивительных приключений крепнет настоящая дружба и рождается первая любовь..."
tt0398286,Рапунцель: Запутанная история,"Обаятельный разбойник Флинн путешествует по жизни с легкостью, лишь потому, что он красив, болтлив и удачлив. И казалось, фортуна всегда на его стороне, пока однажды он не выбирает высокую башню в густой чаще леса в качестве «спокойного» убежища. Флинн оказывается связанным по рукам и ногам юной красавицей по имени Рапунцель. Если вы думаете, что самое интересное в ней — это 21 метр волшебных золотистых волос, то вы заблуждаетесь! Запертая в башне и отчаянно ищущая приключений, Рапунцель решает использовать Флинна в качестве билета в большой мир. Сначала комичное похищение, затем невинный шантаж — и вот наши герои на воле. Вместе с главными героями в авантюрное путешествие отправятся бравый конь-ищейка Максимус, ручной хамелеон и шайка сумасбродных разбойников."
tt0438315,Мирный воин,"Дэн Миллмен — талантливый гимнаст колледжа, мечтающий о выступлении на Олимпийских играх. У него всё есть: награды, друзья по команде, быстрые мотоциклы, девушки и бесшабашные вечеринки. Мир Дэна переворачивается с ног на голову, когда он встречает загадочного незнакомца по имени Сократ, у которого достаточно возможностей, чтоб открыть новый мир силы и понимания. После серьёзной травмы, с помощью Сократа и эфемерной молодой девушки по имени Джой, Ден понимает, что ему много чему ещё придется научиться..."
tt0814314,Семь жизней,"Пытаясь исправить ошибки прошлого, агент налоговой службы Бен отправляется в необычное путешествие в искупление фатального поступка своей жизни. В ходе своей поездки он встречает семерых незнакомцев, включая смертельно больную Эмили, которая называет себя девушкой с подбитыми крыльями. Бен неожиданно влюбляется в нее, что сильно усложняет его первоначальный план. Сможет ли он разгадать послание судьбы?"
tt1075747,Джона Хекс,"Конец XIX века. Джона Хекс — странник и наемный убийца, последний, к кому обращаются, чтобы поймать кого-то из людей или нечто нечеловеческое... Сторонясь людей, герой тем не менее, поддерживает связь с Лейлой, работницей борделя. По заданию военных он должен будет выследить и поймать Квентина Тернбалла, шамана вуду, который собирается очистить Юг конфедератов, собрав армию из мертвецов."
tt1375666,Начало,"Кобб — талантливый вор, лучший из лучших в опасном искусстве извлечения: он крадет ценные секреты из глубин подсознания во время сна, когда человеческий разум наиболее уязвим. Редкие способности Кобба сделали его ценным игроком в привычном к предательству мире промышленного шпионажа, но они же превратили его в извечного беглеца и лишили всего, что он когда-либо любил. И вот у Кобба появляется шанс исправить ошибки. Его последнее дело может вернуть все назад, но для этого ему нужно совершить невозможное — инициацию. Вместо идеальной кражи Кобб и его команда спецов должны будут провернуть обратное. Теперь их задача — не украсть идею, а внедрить ее. Если у них получится, это и станет идеальным преступлением. Но никакое планирование или мастерство не могут подготовить команду к встрече с опасным противником, который, кажется, предугадывает каждый их ход. Врагом, увидеть которого мог бы лишь Кобб."
tt0425112,Типа крутые легавые,"Главный лондонский полицейский, констебль Николас Эйнджел переведен из города в тихий сельский городок Сэндфорд. Он пытается привыкнуть к этой мирной, и на первый взгляд лишенной преступности жизни, а также к туповатому напарнику Дэнни Баттерману. Однако серия ужасных происшествий потрясает городок, заставляя Эйнджела убедиться в том, что Сэндфорд — совсем не такой, каким кажется на первый взгляд. Мечты Дэнни о бурной, взрывоопасной, полной стрельбы и погонями жизни становятся все более и более реальными. Настало время для провинциальных полицейских вершить правосудие больших городов!"
tt0898367,Дорога,"На Землю обрушились чудовищные катаклизмы, цивилизация уничтожена, как и практически вся жизнь на планете. Оставшееся человечество разделилось на каннибалов и их добычу. По дороге, покрытой пеплом, идут отец с сыном. Они хотят добраться до теплых мест, чтобы выжить..."
tt1037705,Книга Илая,"После мировой катастрофы Америка превратилась в выжженную пустыню. По бескрайним дорогам, кишащим бандами, враждующими между собой за воду и еду, странствует мудрый Илай. Однажды он прибывает в мрачные края, где когда-то была цветущая Калифорния, а теперь это сущий ад, где бесчинствует тиран Карнеги."
tt1130884,Остров проклятых,"Два американских судебных пристава отправляются на один из островов в штате Массачусетс, чтобы расследовать исчезновение пациентки клиники для умалишенных преступников. При проведении расследования им придется столкнуться с паутиной лжи, обрушившимся ураганом и смертельным бунтом обитателей клиники."
tt0117500,Скала,"Генерал элитных диверсионных спецсил США, за плечами которого опыт чуть ли не всех войн планеты, похищает со своими лучшими подчиненными ракеты со смертоносным газом и захватывает в заложники туристов в бывшей тюрьме «Алькатрас», находящейся на острове в бухте Сан-Франциско. Они требуют по миллиону долларов семьям погибших и кругленькую сумму себе. Для того, чтобы обезвредить группу, из тюрьмы вытаскивают британского шпиона, когда-то совершившего побег из этой тюрьмы."
tt0119094,Без лица,"Чтобы отомстить за жестокое убийство своего сына, агент ФБР Шон Арчер соглашается на сложную хирургическую операцию. Он берет себе новое лицо, лицо террориста Кастора Троя, который находится в коме. Однако происходит непредвиденное: Трой приходит в себя и исчезает в обличьи Арчера. Жизнь Шона превращается в настоящий кошмар - ему приходится сражаться не только за свою жизнь, но и за жизнь своей жены и дочери."
tt0281358,Спеши любить,"Лэндон Картер — кумир своей школы: он независим, красив и жесток к изгоям. И конечно, он не замечает невзрачную Джэйми, думающую только об учебе. После очередной дурацкой выходки Картера заставляют заниматься с отстающими и играть в школьном спектакле. Тут уж ему не обойтись без помощи скромной отличницы. Джэйми соглашается помочь Лэндону, но только если он пообещает, что не будет влюбляться в нее. Самонадеянный парень охотно дает клятву, но вскоре он убедится, что сдержать ее будет очень непросто..."
tt0329691,Крутящий момент,"Вернувшись в родной город к любимой девушке, байкер Кери Форд оказывается в западне: против него фабрикуют уголовное дело об убийстве, которого он никогда не совершал. Форд становится мишенью агрессивных выпадов со стороны брата жертвы, ослепленного идеей отмщения, и объектом преследования агентов ФБР. Кери Форд во что бы то ни стало намерен восстановить свое доброе имя и выследить преступников..."
tt0960144,Не шутите с Зоханом,"Израильский боец Зохан Двир (Адам Сэнлер) – известнейший в своей стране борец с терроризмом. С одинаковой легкостью он поражает сердца женщин и уничтожает врагов. Однако у Зохана есть один секрет... он очень устал от бесконечной войны и мечтает о передышке, возможности проявить свои творческие способности, став парикмахером. Но пока Зохан борется с терроризмом, его мечте сбыться не суждено. Засыпая, он горько плачет над каталогом Поля Митчелла 1987 года, спрятанным в его спальне. Свой шанс осуществить мечту Зохан получает, когда на горизонте в очередной раз появляется суперзлодей Фантом. Вместо того, чтобы уничтожить террориста, Зохан инсценируют собственную смерть и сбегает со службы. Зайцем пробравшись на борт самолета до Нью-Йорка, Зохан, у которого нет ничего, кроме рюкзака с одеждой и безумной мечты, оказывается в грузовом отсеке вместе с двумя собаками – Скрэппи и Коко. По прибытии в Нью-Йорк Зохан первым делом отправляется в салон Поля Митчелла, скрываясь под новым именем Скрэппи Коко. Скрэппи надеется, что его тут же возьмут на работу, но встречает лишь насмешки над своей старомодностью. Несмотря ни на что, Зохан не оставляет попытки сделать мир шелковистым и блестящим."
tt1119646,Мальчишник в Вегасе,"Они мечтали устроить незабываемый мальчишник в Вегасе. Но теперь им действительно необходимо вспомнить, что именно происходило! Чей ребенок сидит в шкафу шикарного номера отеля? Как в ванную попал тигр? Почему у одного из них нет зуба? И, самое главное, куда делся жених?! То, что парни вытворяли на вечеринке, не идет ни в какое сравнение с тем, что им придется сделать на трезвую голову, когда они будут шаг за шагом восстанавливать события прошлой ночи, каждый раз — новая зацепка."
tt0230011,Атлантида: Затерянный мир,"Атлантида... Мечтою найти легендарный затонувший в пучинах океана остров грезили многие смельчаки. Но только юному картографу Майло Тэтчу повезло: в 1914 году в его руки попал таинственный дневник, указывающий путь к Затерянной империи. И вот уже самая могучая подводная лодка в мире под командованием неустрашимого капитана Рурка выходит в открытый океан. Майло и его спутников ждет множество незабываемых приключений, превосходящих все похождения капитана Немо: схватка с морским чудовищем, древние загадки, буйство стихий, мистические силы и даже встреча с цивилизацией атлантов! И это лишь малая толика того, что ждет героев на их пути к тайнам великой Атлантиды."
tt1179025,Необычайные приключения Адель,"1912 год. Бесстрашная юная журналистка Адель Блан-Сек готова пойти на все ради достижения цели, даже если для этого ей предстоит отправиться в Египет и столкнуться с мумиями всех форм и размеров. А в это время Париж охвачен паникой: каким-то невероятным образом в музее естествознания из яйца птеродактиля, возраст которого насчитывает 136 миллионов лет, вылупливается детеныш и начинает терроризировать жителей города. Но опасность нисколько не тревожит Адель, готовую с головой броситься в водоворот самых невероятных приключений."
tt1219342,Легенды ночных стражей,"Миром, в котором уже не осталось людей, правят совы... добрые... злые... как и всегда! В волшебном лесу — королевстве сов Тито — на Великом Дереве Га`Хуул, где разумные совы живут в гармонии, наступают мрачные времена. Королевство подвергается страшной опасности со стороны соседних жестоких правителей, и эта опасность грозит уничтожить привычное мироздание."
tt0211933,Наркоз,"Каждый год более 21 миллиона человек получают общую анестезию. Большинство погружается в сон не помня происходящего. 30 тысячам везёт намного меньше - они не могут отключиться, попадая в плен явления, известного как ""интранаркозное пробуждение"". Необычный криминальный триллер «Наркоз» местами напоминает видео-пособие по тому, как проводить операции, и что возможно чувствует при этом пациент на столе. Но только до того момента, пока не становится ясно, в чем вообще дело и почему так вышло, что главный герой лег под нож. Казалась бы, обыденная история, — сын (Хайден Кристенсен), мама и девушка. Все ж ясно, мама любит сына, не хочет делиться, тем более он богат. Девушка (Джессика Альба) — милая, наивная и добрая, которая готова терпеть тяжелую болезнь парня и помогать, когда надо. Добрый доктор, по совместительству друг, готовый на все, ради спасения жизни красавчика. Но чем это все в итоге закончиться? Клэй во время операции на сердце неожиданно приходит в себя. Полностью обездвиженный, не способный закричать и позвать на помощь, он, тем не менее, полностью осознает происходящее, чувствуя каждое касание скальпеля к своей плоти... Это фильм захватывающий, захватывающий на столько, что до последней минуты ты ждешь справедливости и встаешь из кресла, только узнав конец. Думаю, что и при повторном просмотре так же будут бегать мурашки, хотя финал уже известен."
tt0306685,От колыбели до могилы,"Профессиональный грабитель и секретный агент объединяют свои усилия в борьбе против банды свирепых гангстеров под руководством жестокого мафиози... В центре сюжета — бесценные сокровища — черные алмазы из Тайваня. Сначала их похищает банда чернокожего вора Тони Фейта. Но драгоценности приносят ему лишь неприятности: хозяин камешков, торговец оружием Линг, похищает дочь Фейта и требует вернуть бриллианты."
tt0342258,Дэнни Цепной пес,"Дэнни постоянно ходит в ошейнике, ест и спит в ошейнике, практически круглые сутки проводит в ошейнике. Именно так воспитал его Барт, гангстер из Глазго, который не брезгует никакими методами для достижения поставленных целей. Когда ему длительное время не отдают долг, у Барта лопается терпение и тогда он снимает с Дэнни ошейник. Именно в такие мгновения Дэнни превращается в настоящую собаку, в некую адскую смесь неудержимого боевого робота и жестокого зверя. Не нашлось еще ни одного соперника, равного Дэнни в сражении. Парень не знает иной жизни, кроме смертельной битвы или полусонного существования в ошейнике. Но однажды Дэнни оказывается в доме слепого пианиста Сэма, где узнает, что есть жизнь, наполненная звуками и чувствами."
tt0446059,Бесстрашный,"Начало 20 века. Хо Юаньцзя мечтает пойти по стопам своего отца, став бойцом мирового класса. Он просто ослеплен желанием стать величайшим и поднять престиж своего дома. Выиграв множество боев, он достигает цели, но это не приносит счастья, а, наоборот, случается ужасная трагедия — погибают его близкие. Переполненный горем, постигшим его, он идет куда глаза глядят. Хо получает приют в одной деревеньке, живет и работает вместе с крестьянами. И именно там к нему приходит понимание истинного назначения боевых искусств. Он возвращается домой и открывает собственную школу. У него все больше учеников, его учение приобретает все больше сторонников. И вот ему выпадает шанс отстоять честь своей школы и страны в целом, на арене крупного международного чемпионата..."
tt0963966,Ученик чародея,"Манхэттен, наши дни. Мастер магии Бальтазар Блэйк пытается защитить Нью-Йорк от своего старого врага Максима Хорвата — злобного колдуна с самыми черными планами. Однако, Бальтазар чувствует, что не справится один и ему нужен помощник. На эту роль он выбирает самого обычного парня Дэйва, который вовсе не хочет спасать мир. Однако ему придется пройти ускоренный курс магии и вступить в битву."
tt0406816,Спасатель,"Бен Рэнделл, легендарный пловец-спасатель, когда-то в ужасной катастрофе потерял всю свою команду. Чтобы найти свое место в жизни и забыть о том страшном событии, он решает пойти в училище, где в его обязанности входит тренировка молодых спасателей. Здесь он сталкивается с молодым и талантливым пловцом «с характером», Джейком Фишером."
tt0123755,Куб,"Этот захватывающий, очень жестокий и страшный фильм, снятый Винченцо Натали, который участвовал в создании сериала «Псифактор», по праву считается одним из лучших фантастических триллеров последних лет. Благодаря чрезвычайно оригинальному невероятно напряженному сюжету, «Куб» приобрел поклонников во многих странах мира, став настоящим шедевром концептуального искусства. Несколько человек, у которых нет ничего общего друг с другом, внезапно оказываются в странных замкнутых комнатах,вскоре понимая, что они стали элементами гигантской мозаики, пешками в чьей-то безумной игре, где каждый неосторожный шаг может стоить им жизни. Странствуя по бесконечному лабиринту одинаковых комнат, в которых их ждут неожиданные и ужасные ловушки, теряя одного за другим своих спутников, борясь с безжалостными приступами паники и всепоглощающего безумия, эти совершенно обычные люди пытаются выбраться на волю, противопоставляя свой разум, логику и отчаянное мужество мощи беспощадного гения, который выстроил самую хитроумную головоломку на свете в форме огромного замкнутого куба."
tt0985025,Темный этаж,"Сара — маленькая девочка, страдающая аутизмом. Ее отец, не видя никаких улучшений в здоровье дочери, решает забрать девочку из больницы. Однако покинуть стены госпиталя им не суждено — неожиданно лифт, в котором они спускаются к выходу, ломается, и Сара вместе с отцом и другими пассажирами оказывается в ловушке. Но это только начало кошмара. Когда двери лифта откроются, их ждет настоящий ужас — существа из потустороннего мира, жертвами которых уже стали множество пациентов больницы, не пощадят никого. Единственным человеком, способным спасти несчастных, оказывается Сара..."
tt0938283,Повелитель стихий,"Воздушные кочевники, Племя Воды, Царство Земли и Народ Огня. Четыре нации были связаны судьбой, когда Народ Огня начал жестокую войну против всех. Прошло сто лет без надежды что-то изменить в этом мире. Народ Огня почти близок к победе в войне..."
tt1192628,Ранго,"Ранго — хамелеон, который живет в террариуме и считает себя героем, которому, к сожалению, никак не удается проявить свое бесстрашие. Но когда он внезапно оказывается в городке Грязь, у него появляется такая возможность. Ранго провозглашает себя борцом за справедливость и начинает вести себя как шериф на Диком Западе. Он еще не знает, что быть «хорошим парнем» в этих краях не самая завидная участь..."
tt1219289,Области тьмы,"Нью-йоркский писатель Эдди, желая преодолеть чёрную полосу в жизни, принимает засекреченный препарат под названием NZT. Таблетка выводит мозг парня на работу в нереальной мощности. Этот творческий наркотик меняет всю жизнь Эдди, за короткий срок он зарабатывает кучу денег, но скоро начинает страдать от зловещих побочных эффектов препарата. А когда пытается найти других NZT-гениев, чтобы понять, как можно справиться с этим пристрастием, он узнает страшную правду..."
tt1682187,Выкрутасы,"Слава Колотилов, простой школьный учитель из сонного приморского городка с небанальным названием «Пальчики», приехал покорять Москву с рукописью романа в руках, а покорил... красавицу Надю. Уже близится свадьба, ресторан заказан и гости приглашены, но цепкие Пальчики не дают Славе вырваться к суженой, подстраивая череду «непреодолимых обстоятельств». Вот и приходится Славе выкручиваться, рассказывая Наде по телефону небылицы о страшных происшествиях и катастрофах. А в далёкой Москве в это время Надя отбивает атаки своего бывшего ухажера Дани, готового пойти на любые выкрутасы, лишь бы вернуть себе невесту..."
tt0115798,Кабельщик,"Чип Дуглас, кабельщик, - парень со странностями. Познакомившись со Стивеном Ковачем, он хочет стать его лучшим другом. Узнав Чипа поближе, Стивен понимает, что эта дружба чревата последствиями - шуточный поединок, например, перерастает в бой боксеров среднего веса. Решив избавиться от такого «друга», он вдруг осознает, что это будет совсем не просто. «Я могу быть твоим лучшим другом... или самым страшным врагом» - это сказал Чип. И Стивен знает, что тот не шутит."
tt0389790,Би Муви: Медовый заговор,"Барри Би Нельсон — пчелка, только что закончившая колледж и весьма разочарованная дальнейшей карьерой. Ведь единственный выбор, открывающийся перед ней — сбор меда. Отправившись куда глаза глядят, Барри попадает в передрягу, из которой его вызволяет Ванесса, нью-йоркская цветочница. Барри немедленно влюбляется в спасительницу, и перебирается жить поближе к ней. Именно в Нью-Йорке он узнает, что мед, который с таким трудом добывают пчелы, люди съедают. И Барри решает предъявить человечеству иск."
tt0435705,Пророк,"У Криса Джонсона есть секрет, отравляющий его жизнь: он может предсказывать ближайшее будущее. Устав от бесконечного внимания правительства и медицинских центров, пытающихся разгадать природу его удивительных способностей, Крис ложится на дно. Под вымышленным именем он работает в Лас-Вегасе, где развлекает публику дешевыми фокусами. Но когда группа террористов угрожает Лос-Анджелесу, специальному агенту Калли Феррис придется собрать все силы, чтобы разыскать Криса и убедить его помочь предотвратить катастрофу."
tt1433108,Быстрее пули,"После десяти лет, проведенных в тюрьме, у Драйвера одна цель: выследить и уничтожить людей, замешанных в жестоком убийстве его брата. Наконец-то обретя свободу, он готов пойти на все, чтобы выполнить свою жестокую миссию и разделаться с теми, кто попал в его черный список. Испытать радость отмщения Драйверу мешают полицейский-ветеран и наемный убийца, каждый из которых имеет свою причину свести с ним счеты. Теперь охота ведется на охотника..."
tt0297814,Брюс Ли: Путь Воина,"Его знаменитый одно-дюймовый удар мог свалить с ног. Он мог отжиматься на одном пальце. Все это вы сможете увидеть в фильме Брюс Ли: Путь воина. Впервые вы сможете увидеть что-то поразительное: более 30 минут боя в амбициозном, обнажающем душу фильме, который делал Ли, когда погиб 20 июля 1973 года. Джон Литтл работал с бесценным киноматериалом, который никто не видел 28 лет. Частично документальный (с неизвестными прежде домашними съемками Ли), частично – художественный ( с утраченными когда-то кусками, составленными вместе согласно записям, найденным в личных вещах) и незабываемый Брюс Ли: Путь воина – ценнейший подарок каждому поклоннику Ли."
tt0455824,Австралия,"История английской аристократки леди Сары Эшли (Н.Кидман), рассказанная от лица мальчика-аборигена Налла (Б.Уолтерс). После гибели мужа она получила в наследство огромное ранчо под названием «Далёкие Низины» (Faraway Downs) на севере австралийского материка. С началом Второй мировой войны она приезжает в имение для того, чтобы уберечь его от попыток английских скотоводов заполучить ранчо в свою собственность. Ей приходится при помощи гуртовщика Дровера (Х.Джекман) и добровольцев-слуг перегнать 1500 голов скота через тысячи миль в центр Северной Территории – город Дарвин для продажи их интендантам армии. Нил Флетчер (Дэвид Венхэм) и группа гуртовщиков, которых Сара Эшли до этого уволила, пытаются погубить её стадо, чтобы отработать плату, полученную ими от её главного конкурента Кинга Карни (Б.Браун). Через несколько лет герои фильма попадают под массированные бомбардировки японских военно-воздушных сил..."
tt0426931,Август Раш,"Яркая личность – молодой гитарист из Ирландии – влюбился в красивую американскую виолончелистку, дочь известных родителей. А она ответила ему взаимностью. В их жизни произошла незабываемая встреча в Нью-Йорке, после чего судьба разлучила влюбленных. Плод их любви – ребенок Август Раш по той же прихоти судьбы оказался в нью-йоркском приюте. Через двенадцать лет Август Раш благодаря огромному таланту становится неординарным музыкантом. Он мечтает найти своих родителей. И думает, что в этом ему поможет музыка. Музыка, по которое его родители догадаются, что он – их сын. У юного музыканта появляется опекун – таинственный незнакомец. Под его опекой Август и начинает играть на улицах большого города в надежде благодаря выдающимся музыкальным способностям встретить родителей, которых никогда прежде не видел..."
tt1013743,Рыцарь дня,"Случайная встреча в аэропорту одинокой женщины Джун Хэвенс и обаятельного агента Миллера приводит к тому, что им приходится вместе колесить по всему свету, спасаясь от наемных убийц и пытаясь уберечь от коварных злодеев мощную батарею, которая является уникальным источником энергии. Попадая в бесчисленные передряги и постоянно находясь на волоске от смерти, Джун все время мучается в догадках, кто же на самом деле ее неугомонный спутник - спаситель человечества, предатель или просто-напросто сумасшедший..."
tt1436562,Рио,"Красивый и очень недалёкий попугай, родившийся в неволе в небольшом городке штата Миннесота, улетает в поисках приключений, на родину предков, в Рио-де-Жанейро."
tt0268978,Игры разума,"От всемирной известности до греховных глубин — все это познал на своей шкуре Джон Форбс Нэш-младший. Математический гений, он на заре своей карьеры сделал титаническую работу в области теории игр, которая перевернула этот раздел математики и практически принесла ему международную известность. Однако буквально в то же время заносчивый и пользующийся успехом у женщин Нэш получает удар судьбы, который переворачивает уже его собственную жизнь..."
tt1502404,Сумасшедшая езда,"Однажды утром в безымянном городишке появляется незнакомец, явно не вписывающийся в добропорядочную среду пуританской Америки. Он пользуется успехом у женщин, предпочитает потреблять крепкие спиртные напитки из горла и таскает с собой целый арсенал, от дробовика до весьма впечатляющего пятиствольного обреза ручной работы. Незнакомца зовут Джон Милтон, и он явно не собирается соблюдать какие-либо законы или соответствовать принятым нормам общения. Он прибыл в эту местность отнюдь не случайно. Прибыл оттуда, откуда обычно уже не возвращаются. Милтон не понаслышке знает о существовании преисподней. Покинув Ад, Джон собирается вернуть должок убийцам его родной дочери и попытаться спасти свою внучку из лап секты поклонников Дьявола. Их предводитель, богомерзкий Джона Кинг, планирует принести ребенка в жертву, чего Милтон никак не может допустить. Главная проблема Милтона состоит в том, что за ним из преисподней на Землю последовал еще более мрачный, хоть и не лишенный саркастического юмора, персонаж – счетовод Дьявола, в задачу которого входит немедленное возвращение беглеца обратно в котел. И если методы Милтона покажутся вам излишне жестокими и прямолинейными, то его преследователь вообще не привык слышать отрицательных ответов..."
tt0978764,Запрещенный прием,"Действие развернется в 1950 году. Молодую девушку по настоянию ее злодейского отчима определяют в больницу для душевнобольных, где спустя пять дней главную героиню лоботомируют. Чтобы оградиться от боли, она выдумывает сказочный мир, где и начинает планировать свой побег — для этого ей нужно раздобыть пять предметов."
tt0277296,Царь Скорпионов,"""Воин. Легенда. Король"" Эта история произошла 5 тыс. лет назад в Египте, еще задолго до постройки первых пирамид. Злой правитель и могущественный воин Мемнон решил поработить все народы, живущие в пустыне. Со своей многочисленной армией Мемнон выигрывает одно сражение за другим. Удача сопутствует жестокому злодею, потому что все злодеяния Мемнон совершает, опираясь на предсказания своего провидца. Осталась только горстка непокорных народов в пустыне, которые еще противостоят власти Мемнона. Немногие оставшиеся племена нанимают воина акадца Метаеса — человека убивающего за деньги — чтобы тот убил провидца Мемнона. Оказавшись во вражеском лагере, Метаес к своему удивлению обнаруживает, что ясновидец — это красивая молодая женщина Кассандра. Он оставляет ее в живых и берет с собой в пустыню, чтобы выманить Мемнона из его города-крепости Гоморры. Единственное, что может успокоить теперь Метаеса — это смерть Мемнона..."
tt1104123,Царь Скорпионов 2: Восхождение воинов,"Молодой Масьюз видит смерть своего отца, самого великого воина его народа. Всем известно кто убил его. Годы проходят и Масьюз становится воином Черным Скорпионом, готовым служить своему царю, человеку, что убил его отца. Как его остановить, если царь - владеет черной магией и поддержкой Богини Смерти. Масьюз встретится с Минотавром и попадет в Подземный мир и все ради мести."
tt0800369,Тор,"Художественный фильм режиссёра Кеннета Брана, основанный на одноимённых комиксах издательства Marvel Comics. Созданием картины занималась компания Marvel Studios, а распространением Paramount Pictures. Главный герой фильма — Тор, высокомерный и гордый бог грома, — был лишён своей силы и изгнан из Асгарда — одного из девяти миров. Оказавшись на Земле, он знакомится с молодым доктором Джейн Фостер, с которой у него развиваются отношения. Кроме того, Тор должен остановить своего брата Локи, который намерен стать новым царём Асгарда. Картина стала частью кинематографической вселенной Marvel, фильмы которой объединяются в общую сюжетную линию."
tt0822847,Пастырь,"В дни, когда тьма накрывала горизонт и в тишине ночи раздавались пугающие людей звуки, под крышей слышалось шуршание чужих шагов, а утром люди обнаруживали своих соседей мертвыми – они шли в церковь. Ведь это церковь всегда была для людей убежищем, утешением и защитой. И теперь вновь стала главной опорой человеческой цивилизации. Во времена, когда злобные твари убивают все живое, противное их природе или же превращает в рабов, послушных хозяйской воле. Древняя раса вампиров, однажды побежденная, вновь расширяет влияние. И только великие воины, освященные божьим благословением, могут выйти на битву с ними. И имя им – пастыри. Но как же сражаться, если в существование врага не верит никто и совет церкви считает лишь домыслами тревожные слухи, пришедшие с дальних рубежей государства?"
tt0328107,Гнев,"Джон Кризи, бывший наемник, за его плечами огромное количество выполненных спецопераций в разных горячих точках планеты. Очень сложно представить, что пришлось пережить человеку у которого теперь нет родных, семьи, ни детей, ни жены. Раньше Джон убивал не только солдат, но и женщин и детей. Теперь он ищет успокоение в стакане со спиртом и в Библии. Никто и не мог подумать, что к жизни его вернет одиннадцатилетняя девочка, которую он нанялся охранять. Со временем жизнерадостная и общительная Пита становится для своего телохранителя не простой работой, но и настоящим другом. Джон поистине испытывал искренние отцовские чувства к девчушке. Но однажды ее похитители злоумышленники. И теперь у Кризи есть дело всей его жизни — найти и отомстить..."
tt1591095,Астрал,"Джош и Ринэй переезжают со своими детьми в новый дом, но не успевают толком распаковать вещи, как начинаются странные события. Необъяснимо перемещаются предметы, в детской звучат странные звуки... Но в настоящий ужас приходят родители, когда их десятилетний сын Далтон впадает в кому. Все усилия врачей в больнице помочь мальчику безуспешны. Несколько месяцев спустя его возвращают домой, где за несчастным ребенком ухаживают мать и сиделка. Но загадочные явления в доме продолжаются. Отчаявшиеся родители готовы обратиться за помощью к кому угодно и вскоре выясняется, что Далтон в бессознательном состоянии связан с паранормальным миром..."
tt1092026,Пол: Секретный материальчик,"Два друга из Англии — Грэм и Клайв, колесят по Штатам, посещают всякие места связанные с пришельцами. Как то ночью парням довелось наблюдать за сценой аварии. Остановившись посмотреть жив ли кто, видят инопланетянина. Клайв падает в обморок, обмочив штаны. После выясняется, что инопланетянина зовут Пол и он нуждается в помощи. Пол рассказывает своим новым друзьям о том, что в далеком 47 году он разбился на своей летающей тарелке и все это время он пробыл в правительственном бункере. Теперь за Полом гоняются федералы, которым инопланетянин нужен в виде лабораторной крысы. Пол направляется в то место, в котором инопланетные собратья смогут забрать его на родину. Грэм и Клайв становятся спасательной соломинкой для милого и забавного Пола..."
tt1401152,Неизвестный,"Мартин Харри доктор. Он попадает в чудовищную автокатастрофу и на 4 дня оказывается в коме. А когда он приходит в себя, его никто не узнает, а его именем пользуется другой человек, собственная жена при этом тоже не признаёт мужа.В добавок ко всему у доктора частичная потеря памяти. Выйдя из больницы, Мартин принимается копаться в настоящем, чтоб понять, что же произошло. Ему на помощь приходит незнакомая женщина-таксист..."
tt0124298,Взрыв из прошлого,"Адам Уэббер – молодой парень, он родился вполне нормальным ребенком, но, по нелепому недоразумению, провел тридцать пять лет вместе со своими родителями в бомбоубежище, в надежде пережить трудные времена. Искренний и наивный, он в первый раз оказался среди современных людей в бушующих девяностых в самом Лос-Анджелесе, где давно все поменялось! И кто скажет, быть может, он все еще успеет наверстать упущенное, которое составляет ни много, ни мало, детство, и юность..."
tt0472043,Апокалипсис,"В картине описана реальная жизнь племени майя в период расцвета её цивилизации, до прихода испанских завоевателей — конкистадоров. Ярко описаны жестокие жертвоприношения, кровопролитные захватнические войны с соседними племенами. Особое внимание уделено варварским ритуалам того времени. В один день Лапа Ягуара, индеец, оказывается у разбитого корыта. Его племя вырезали и увели в рабство наёмники майя. А сам он захвачен в плен, чтобы стать жертвой во время одного из обрядов..."
tt1068680,"Всегда говори ""ДА""","Главный герой весьма печальный и нудный тип. Он подвержен постоянным депрессиям. Его друзья его тихо ненавидят. Чтоб вытащить его куда то, нужно придумать что то экстраординарное. На все предложения и просьбы он отвечает одним простым словом — нет. Но наступают перемены в его жизни. Парень заключает соглашения с интересными условиями. Теперь на всё он должен отвечать не привычным отказом, а говорить — да..."
tt0335345,Страсти Христовы,"Сюжет фильма начинается в Гефсиманском саду, где Иисус молится, а дьявол Его искушает. В это время ученик Христа Иуда, предав Его, движется с солдатами, чтобы арестовать своего Учителя. Христа отводят в Синедрион, чтобы провести суд. Первосвященники Каиафа и Анна осуждают Христа на суде на смерть. Требуется разрешение прокуратора Иудеи Понтия Пилата. Пилат предоставляет толпе шанс освободить Христа, но толпа требует распятия. Христа жестоко избивают. Пилат отправляет Христа на казнь. Солдаты прибивают руки и ноги Христа к кресту и поднимают Его. Иисус молится за них. Когда Иисус умирает, начинается землетрясение, которое рушит здания. Священник Иосиф Аримафейский, ученик Иоанн, Касий Лонгин, двое римских солдат и Мария Магдалина снимают Иисуса с креста и кладут на руки его матери Марии. Фильм заканчивается воскрешением Христа..."
tt1187043,Три идиота,"Отправившись на поиски пропавшего друга, два приятеля даже не подозревали что их ожидает на пути. Они будут вступать в уже давно позабытые споры, побывают на похоронах, и даже сорвут чужую свадьбу. Но самое главное то, что это путешествие будет проходит дорогами их памяти. Они все время вспоминают Ранчо, после встречи с которым их жизни кардинально изменились. Как они все жили в одном общежитии, где Ранчо влюбился в бойкую Пиа. О страшном конфликте своего друга с наставником Виру Сахастрабудхе. Они не знают, кем он был на самом деле и откуда он родом, а самое главное — почему же он исчез?"
tt1541160,Липучка,"Перед самым закрытием в банк врывается две группы грабителей. Посетители и работники банка оказываются между двух огней. Один из посетителей старается примирить представителей двух криминальных групп — ведь это единственный шанс выжить для тех кто оказался в банке, а для него шанс произвести впечатление на девушку-кассира, в которую он влюбился с первого взгляда. Постепенно наш герой понимает, что похоже, все кроме него оказались в этом банке в момент ограбления не случайно..."
tt0109830,Форрест Гамп,"Сюжет фильма «Форрест Гамп» повествует нам историю главного героя по имени Форрест Гамп. Форрест вырос в штате Алабама. Его воспитывала мать-одиночка. У маленького мальчугана проблемы с позвоночником и он носит скобы. Так же его уровень интеллекта составляет всего 75 пунктов, и этого не достаточно, чтобы поступить в школу. Спустя много лет Форрест становится миллионером. Не смотря на его большое состояние и знаменитость, главный герой остается все тем же добрым и отзывчивым человеком..."
tt1488555,Хочу как ты,"Митч и Дейв два заядлых друга детства. Вместе играли в детстве, шкодили, катались на велосипедах. Казалось бы и судьбы у этих двух парней должны сложится примерно одинаково. Но тут то и вмешался рок, или злодейка судьба. Дейв стал классическим примером среднестатистического американца. Семья, дети, любящая жена, успешная работа. А Дейв стал его полным антиподом. Ночные развлечения в компаниях соблазнительных красавиц, травка, алкоголь, веселье и разврат, вот он круг его интересов. И тут «Бац» и оба закадычных друга внезапно меняются местами, да и телами тоже. Вот тут то и начинается настоящая заварушка..."
tt0465502,Игорь,"Смешной детский мультфильм о мальчике, который мечтал покорить мир. Режиссером ленты стал Энтони Леонидис, создатель таких мультфильмов, как «Лило и Стич 2» и «Кун-фу панда: секреты мастеров». История разворачивается в выдуманной стране Малярии, где живут одни злодеи, а зарабатывают они продажей своих злодейских изобретений. Одним из самых уважаемых людей в этой стране является сумасшедший доктор Гликенштайн, изобретатель Аццкой Лазаньи. У него, в свою очередь, есть робкий сутуловатый и неуверенный в себе подмастерье Игорь. Втайне ото всех мальчик мечтает сам стать великим злодейским ученым и даже разрабатывает собственные проекты: он создает мрачного бессмертного кролика Скэмпера и еще слегка глуповатый Мозг, живущий в банке на колесиках. Но когда Гликенштайн узнает о проделках своего подмастерья, то запрещает ему заниматься злодейской наукой... Чем разрешится их конфликт узнает тот, кто решит смотреть онлайн мультфильм «Игорь»."
tt0327919,Меня зовут Дэвид,"С самого раннего детства Дэвид учился ненавидить людей и не доверять им. Да и как можно вести себя по-другому, находясь в лагерных застенках? Когда не знаешь, на кого можно положиться, когда надсмотрщики могут превратить твою жизнь в каждодневный кошмар. Однако пути судьбы неисповедимы, и Дэвиду предоставляется шанс обрести свободу. И вот он совсем один, в огромном, не знакомом ему доселе мире. С собой у мальчика только буханка хлеба и компас, а также письмо, которое ему нужно доставить в Копенгаген — город, где он сможет, наконец, найти людей, которые позаботятся о нем."
tt0960790,Красавчик,"Журналист Людо, схлопотавший восемь месяцев тюрьмы, освобожден на испытательный срок при условии, что он обязательно пройдет курс трудотерапии. Ему предстоит отработать триста часов в местном детском саду. Как ухаживать за 8-летними оболтусами, Людо не очень представляет, но в группе работает его старая знакомая — еще в школе он изводил ее своими выходками. И вот теперь та сопливая девочка выросла, превратившись практически в супермодель. А что делать с моделями, Людо в курсе. Но у девушки свои планы на старого знакомого..."
tt1343755,Красавчик 2,"Анна и Лудо Декер уже два года как живут вместе. За это время они успели вкусить все прелести семейного быта. Брошенные под кровать носки, немытая посуда, непрезентабельный «домашний» — полный «классический набор», не украшающий совместную жизнь. И тут, в и так не простые отношения пары вторгаются бывшая подружка Лудо и старый приятель Анны..."
