tt0416449,UrIbxk7idYA,7ZNxF4kr1Ik
tt0473075,bZ7Li5w2I-k,3HzymlKGods
tt0338526,7pBmXkyycWE,aMJ5rZ5cjI8
tt0241527,VyHV0BRtdxo,5sL_0KvRG40
tt0295297,_bOartcJo1Y,fvfHr2SB1mg
tt0304141,lAxgztbYDbs,wFy2Ny7OH-4
tt0330373,7lJ6Suyp1ok,9dlfKvJvcbQ
tt0373889,WIj9DYJ5EKk,1kLlFQ2pz3I
tt0417741,jpCPvHJ6p90,uXnGyDVUZKY
tt0926084,YzfEH0UPEBo,c_FV5VtpawI
tt1201607,mObK5XD8udk,ZdEiaobD3Vw
tt0145487,TYMMOjBUPMM,bwh5OtSsO58
tt0316654,BWsLc3j1AWg,syHnvh1HvtA
tt0413300,wPosLpgMtTY,zVHQdVq88_4
tt0267804,v20Yc1RZjIA,9jW9lGv-qJk
tt0346631,M0PWwMEbHv0,TcOe6D0vOoI
tt0892769,oKiYuIsPxYk,6Gpj72qHMjE
tt1646971,2BP38770KNo,VgPJuAARwP8
tt0457024,,w1GrMl45gaA
tt0398286,JYKpIr1lSG0,clpSYzqlwkI
tt0438315,3_ZF518dvXc,j8Wpl268BCc
tt0814314,MwrtEI-fcmM,3sO8hJoKV5A
tt1075747,f63BYEY8Tdw,aOQDHGlLfNg
tt1375666,YoHD9XEInc0,85Zz1CCXyDI
tt0425112,ayTnvVpj9t4,stMIVXbvMZ4
tt0898367,bO8EqMsxOiU,2umSTz3bgyg
tt1037705,zSMHmtaoXtI,9koC0G9ziVw
tt1130884,YDGldPitxic,_l7R9Rz5URw
tt0117500,jGVJx5mOtL8,KeIBHYAJR9s
tt0119094,95VvTW1FvS8,SvAXoSrRMLg
tt0281358,R3b19svqbls,Df_tps-rs3E
tt0329691,KeF88bBrPHQ,
tt0960144,ucmnTmYpGhI,6cfpyKZpPOM
tt1119646,tcdUhdOlz9M,HL_5WR3OBpo
tt0230011,DeOo19iAJ1E,dz6uSFfKUWE
tt1179025,T_c_Uo7No5A,OEmfEZxndAs
tt1219342,0c5gYg3adeI,1VNdloPmmjU
tt0211933,IY3M9o4jOlk,3bspAnoHUJU
tt0306685,bzV6WtYbffs,
tt0342258,JNVmcQoxfbc,
tt0446059,xiqMXzehr9Y,AjyNlYhQTUE
tt0963966,dZIUUX8XThk,EBxMYVT_huE
tt0406816,twZmLzuSE7E,0fuDIH7a548
tt0123755,Esjc0rPj3K4,C7tgV99irMY
tt0985025,te5XKYTAexs,
tt0938283,ZMoGFeMmhKA,7JtWlHSaR60
tt1192628,DDgoDooApwM,ALkfJk0zuiQ
tt1219289,4TLppsfzQH8,eU0Z_rsZiws
tt1682187,,ipacnK5tOsY
tt0115798,Xj259Pi_vrA,HVLG-qFw5GY
tt0389790,VONRQMx78YI,Dfoj9mBBI4g
tt0435705,OwIFRm7sy8E,sT_IXib82vc
tt1433108,Buf4_Crt27c,1YVhN_gGLfo
tt0297814,K1NULc99e6Y,
tt0455824,TFcHeOEruSA,yJV7fOFZrZ8
tt0426931,zhpwjrbeoJQ,qMHXfSJjbeQ
tt1013743,JGPl86DBNNs,DNnkLfRXa8E
tt1436562,P1GRO31ve5Q,RaQp6oM-8_8
tt0268978,WFJgUm7iOKw,fAs4U4XyrHs
tt1502404,jouaan70m4c,rb5BANzaxAU
tt0978764,XAnnWoXD2tI,HQNZh4Ze5HI
tt0277296,CmEKTae2iys,
tt1104123,_jxKfdmPmbk,
tt0822847,-VNczhWD2ao,o1zYUJevPbU
tt0328107,rb-ZEBBKolc,GpG3F6lLkKk
tt1591095,zuZnRUcoWos,UHWic2iGdrM
tt1092026,IyJo6ESSiMY,jNTCs2hJyBE
tt1401152,lQj-Xzr29VM,6V6jcv6VWFQ
tt0124298,AhMQOb0tEmI,VcJgDLQVIRE
tt0472043,pXuwjdQx924,sbW2c8Xnrk8
tt1068680,M3ar1tBj_Zk,li4-7geMKWU
tt0335345,4Aif1qEB_JU,emIRFQHC1I4
tt1187043,K0eDlFX9GMc,s4umx3el8KA
tt1541160,fKCzQ2BGOpo,3duf7HpSd-0
tt0109830,bLvqoHBptjg,otmeAaifX04
tt1488555,43Qc70ZeMFw,joXfAK-94zk
tt0465502,FfOjqkDIw0k,LnKMZS6WnDQ
tt0327919,j_GeHxTIYwA,jisQq9q7Asw
tt0960790,2GuO_M7gEgc,aOPTPe0rv0c
tt1343755,AE-pG9smslI,SibyrxVlLYc
tt0281322,b2ZtEHss3HA,
tt0443676,fTTfnuwjTUE,
tt1156466,YIljr581he4,JRmiVtk1GqE
tt3344680,KQtB3-NMfnU,0dHYYZyz9Kc
tt0435670,yDB3Ha3vxyc,XH4sjVp_ORo
tt0403358,BhsW42eDfQo,2yH5FeXrT70
tt1023111,2tc-RPjZRm8,Ea26z84UNDc
tt1754264,ByIrKrdhkwY,
tt0118531,k1mCVupzJN0,
tt0472160,vC315nmqgHc,1nwZy12QjJA
tt0293662,0poXFSvX0_4,vxQGBDTBR10
tt0077928,lhuutAnXBzQ,
tt0166813,RPJ4EQ2Eh9I,
tt0121164,_tpLNUI9rQU,Hv23ZsMHaLo
tt0398165,Cl--Ye9pmAQ,W6hoVxvK5Xo
tt0119643,_zIOjl93WrU,wClcnz_26ZI
tt1085779,b5VGhWJlG5M,f0HCKAhTGbo
tt0389860,9_VrHQ026wA,bFh0NB79XVw
tt0088763,qvsgGtivCgs,CLwco5z0WOM
tt0096874,MdENmefJRpw,tE1cyMUhh2k
tt0099088,EYkguxpqsrg,xqkqTjGvmhs
tt0367594,OFVGCUIXJls,H0UyntaoYZg
tt0480249,dtKMEAXyPkg,FZSCXDpI2uQ
tt1748197,W5tcUxAoLJQ,qQjxLGD0zc8
tt0181689,lG7DGMgfOb8,JtgwgTlRczo
tt1637688,fdadZ_KrZVw,3JIeH2bfkFk
tt0433035,T75j9CoBVzE,VQfjnd3xCqo
tt1629374,oJpTdNSzB0E,7tZIdIIQcOQ
tt0274166,bbi0A2EUQUs,
tt2997672,,lAPnKFfVV7k
tt1632708,MxfaGMuiniI,M6ZDrjOYJjE
tt0427152,rgEDubRe6M8,dzXcn9d6_iA
tt0338013,yE-f1alkq9I,hTIrC9875u8
tt0099653,vIy3MDzPyKg,aJn75Zokcx4
tt0343660,H1SVxJZTgI4,ldkF-fPhEp8
tt0296572,LCrDo3eCXkw,6NKcWVxMge0
tt0134847,fIeSV4i7bxQ,G4EaBLw7s_E
tt1411250,iP3eFIOBU0k,-UJRJJFntD0
tt1456635,0dEUXY3yhHU,1n7aJICU6YE
tt0212720,oBUAQGwzGk0,6IYEPSgGm6g
tt1298554,QoP4ED13DvA,Bw1MEERRtUA
tt0357894,cLDXuAZcm0U,
tt2258565,,7VG5idVPMHM
tt0096507,2l8zmYHipuk,
tt1857913,HM54k0q1224,
tt0109506,N5uPZ7ocsqA,CnqEXe9Gf0E
tt0120177,WukhbpAhvrc,_pFKaZcb0xo
tt0499556,eKqbjcR_YD8,-NrKmXfBt0I
tt0475944,sJkbm-a-T_U,OLM6GOBSCQQ
tt1397514,qdFCjwcK8IE,_A9i7DNdC3k
tt1596350,oleuD8479uM,e3XIS1dXHGA
tt0110054,sxJbhZ8mA3s,
tt0945513,mnJegNyAb1w,uoXK_Ikezng
tt2141789,,3toHBUFcyRU
tt0120794,yWs81poMgiM,xSwVG2cOVsQ
tt1197624,LX6kVRsdXW4,93LAq7YmZ4Q
tt0404032,Bi-PLwxwvy8,2toEWWoJYBQ
tt0250468,RLUffv4c6rw,j_Q6Xeku8u8
tt1045778,4H_Eepvg3aU,5te2H91vEII
tt0770703,bgkxGrsX-A4,P3Vr293GxL4
tt1706593,i-M5Qx57_UU,PAsmbLlJo6s
tt0120917,Hjvy8vc39kw,CqXok7SjHbU
tt0401398,L3wqDgoG6wA,ySEWhvIZSs0
tt0286502,,6FqAlNUjfNs
tt1314655,C7l3nzjHYTg,Lwmrjp0GqC0
tt1646876,N4ojtW0nPno,
tt0230030,Li9nqaqgQVI,c0x-h8tIjNA
tt1656192,uIx00INSlyQ,ue9P3l9iNRg
tt0395699,pknw1wh-2-U,sIfatBPzAuI
tt0248667,4HooryZXjcE,lUgmg1VNnes
tt0107048,GncQtURdcE4,lCFkwbZiC-Y
tt1564367,fpj7i2CPt8M,A-ENarC7R2I
tt0970416,6QFcZohER3s,0_b1-bm1LE8
tt0099582,lfqGrVwFTU8,
tt1392170,mfmrPu43DF8,zqOsjGVsd5g
tt0401729,6Rf55GTEZ_E,ngAH7JQAD28
tt0182789,O3K1a4aSBdk,H31Fdr_s6z8
tt1648112,wdHGDFx0PwA,iCxfEHnSJEs
tt0415678,,VbWraF68TL4
tt0459759,,R_EVCyBgfjU
tt2097245,,p81Xus-s9zE
tt0407304,msxe3yJPfyY,vTNtabMlRwg
tt1374992,XPdlrOP22NM,e1vzsTzV39Y
tt1059786,olRdPXwiSjk,EiBUBZuMlAg
tt1217209,6CKcqIahedc,XFJzYDLJt9s
tt0205000,mTMNW_2G2Tw,Vv6W634nGZg
tt0367652,vDTU4-tLR_g,j-aZznRCf1A
tt1386703,Aqn2L6kQQt8,P6gNVx6OqP4
tt1907668,Aqn2L6kQQt8,P6gNVx6OqP4
tt0117765,xw5_jG15TM8,
tt0114436,L2LnPAUX1m4,qo09IWIhjK4
tt0267626,lZIFPBPxHzY,mngL7ilM5cM
tt0103855,4JFRdJTszRM,QL9pVcIWeHQ
tt0434409,lSA7mAHolAw,hIN0Dy-FMKk
tt1243957,5XtbLezJtMg,QzoqYMmFG6Y
tt0259711,k09OX40NLUw,T4VsUD4SkJk
tt0425210,mGQmSCQrKKQ,MiC-iOXLC0w
tt0397535,4L-xlmakQvc,Rlgq1lYv1v4
tt0213149,oGYcxjywx0o,OoqDl_DhUiw
tt0360486,DEa508Xmmio,1qpxWrXH0A8
tt0408839,ON1-SohDqDg,7a29q6wwDQc
tt1142977,29vIJQohUWE,z1MY3NMbk1c
tt0959389,,D50HC1QJ0kQ
tt0387808,BBvIweCIgwk,X0mG_h6NG48
tt0120820,A6pM-4m7xQ0,4n8rBF2-Mf0
tt0120632,mwWL8cB2Ix8,mUdjipEihD0
tt0995039,hWbCr7-oS9I,JwUyFsCQfto
tt0425123,cgIS8Vfp1MU,kh-NvIsW0Og
tt0118971,CkNfxHw5wo8,q-g5otfoi0w
tt0117420,EaCbSlAsQoE,vNhZUW9T6HA
tt0238552,8NfA0vFhggI,
tt1999995,it5XICr93wU,
tt0397892,IBsg00NnzGg,1hb461IzZRU
tt0120660,AoNT6u3mQew,4kkCkJO1AJo
tt1428538,9246msCh7x4,rztNXlz4M5Q
tt1127180,PPOaxHqoYxo,hbADsnGTwms
tt1239426,,E_D3xCGev3s
tt0289992,gt7Jmjwjk3I,SxQD3PyrNv4
tt1282140,QZ4EwBtyfaA,zz6UNp_18fQ
tt0477071,qwqCTjl6IJI,Qh1vtbBDVaA
tt1318044,r2fzeLY_oBo,iUz-JighAgw
tt0092675,WaT9dYalyU0,OWQmdWRjNX0
tt1321870,_VyLSw9qKwc,nub2Big_hwo
tt0815244,N-Hua-wJzVc,
tt0082949,kNBcTM9so8k,t14GGvQu1eQ
tt1029234,5sXPBIA4zH4,12HtC30eaNg
tt1483013,XmIIgE7eSak,QweuiMrsc4E
tt1462769,QhaPxj1EIhg,mNq1qfrSBO8
tt0482629,rwXe5eKZr6M,gfd61cxzif0
tt1527788,38rPoGSr19U,ubHDaDu6OLI
tt0420757,uRPM00nVDFI,UXrhHtWeEMw
tt0283111,qShNioFXXwM,
tt1588173,07s-cNFffDM,45kIq3VuR5s
tt0974661,UQK5Hh0L1Sg,Ek1Xl2tmIWc
tt0119177,PC6ZA1dFkVk,pmhs9F6UuEI
tt0165929,tV4n0JoOLHQ,WIqJeumSP0k
tt0119282,ZvtspevZxpg,CEhuzvPz2UI
tt0110413,aNQqoExfQsg,Wl8FrFvqOoU
tt0144117,ydXojYfCF3I,CR1MuCEHqyc
tt1559547,gUDtdx-brtw,xdVL7wYt40Q
tt0084953,,oglGHSh18aY
tt1592873,fEzWvEoD9ew,mNIlCGuRmHE
tt1723121,0Vsy5KzsieQ,kv5V1DFFixM
tt0446755,Ftkmhs8BEms,rh9AEaoqPJg
tt1815862,CZIt20emgLY,o6ZcnxnCEyY
tt1769363,RtbvHJzlyrw,NQe82w9t7WM
tt0106866,bB0QjvaQxWA,V-iB1VoaNq0
tt1424381,igKKWJw88Kk,LoLhRFlTOZ4
tt0240890,ePU2Ux9JIMM,-roUYfjI7-0
tt0324554,vFo0u-nXbGk,OS5gY3Iu858
tt1454029,l0dWCXCjX9o,WANP9vrfSIA
tt0108052,gG22XNhtnoY,eqAA1wkQsNw
tt0110475,RFpxdwYAJIs,Vuy59xpXiCg
tt1242432,HC9p7SkJPwE,XfvjvJ7yDPI
tt0120903,g2sZr8lYFfw,Iy5R5_T243w
tt0290334,voxI4h7Jzmo,RhLeugM7h0o
tt0376994,dv-7FY5gm0w,VVEH6K_17Xs
tt1270798,UrbHykKUfTM,AUMzFFDebIU
tt0458525,kd6zYnHwQWA,FO8t8Y8bHZ8
tt0172495,owK1qxDselE,F2Dr7Qb2Zf8
tt0184894,FqHg5fc_0_U,
tt0104070,NFXQQ2uAeHM,yqeVoMj2Qi8
tt0119528,fc-hDvysWbQ,C1no75lpOiw
tt0490086,kCdtAFar0XM,fGMh2R7S2r4
tt0804492,tFvf11NAZXQ,Glma5cVnhHc
tt0120762,wAbGAkkOgcM,GZNnQNHgxS8
tt0279967,gWf2Cg00kD0,DvjiFJktoMg
tt1899142,,s0hGTneRH3M
tt1343092,rARN6agiW7o,6usa6W6goqI
tt1454468,OiTiKOy59o4,YA47iQ25kYM
tt2387559,yGAktL45XNQ,-gJiOiWppYE
tt2458106,Dxmal-7WmyA,j-5WXWeqx3o
tt0443649,J73aDZuAx2I,gAyw2zZt5m0
tt0758758,g7ArZ7VD-QQ,WZTk7fspSWs
tt0117060,Ohws8y572KE,z0A6fF0LOkk
tt0120755,vIpqpRuGrq4,CRn6s69ttC8
tt0317919,lFBd9WIWCoU,Yl7niSUsotM
tt1229238,EDGYVFZxsXQ,nQU65mNTbmQ
tt0430634,Ib48djESKGU,OMckQ1GyOpA
tt0230838,_wxm3Crupik,OzshNs6l63M
tt0102685,0hd49bnStgU,TmRWzKlH9PM
tt0319061,M3YVTgTl-F0,gtanOohh48E
tt0105226,rqlGO7rYhwY,ug7qHzx6TBI
tt0098206,oByMeAfwARs,mQg6EFPYu3o
tt0112573,1NJO0jxBtMo,P32kr5RLZ7I
tt1440129,8NNQqHsIc-4,8NNQqHsIc-4
tt1675434,34WIbmXkewU,2FoP5ZXjVhQ
tt0095519,a4KJtDxTqWQ,
tt2276778,OhrnCsFovlo,-Cts_DLow_k
tt0089092,dRUdNhYoP_U,7e6HWLLM5Ew
tt0120689,Ki4haFrqSrw,da_h1eKUYPM
tt0328832,94fPVqJqBGA,
tt0488120,yAar1EYxloQ,zEk2b-didDM
tt0780571,hXfbVIFc6t4,Zix1LKUD038
tt0119173,FDrXl6WOPZA,
tt0266308,N0p1t-dC7Ko,Q0z2y8J2p3A
tt1570728,8iCwtxJejik,MS2acJLLozU
tt0407887,j8hWDng2Dow,iojhqm0JTW4
tt0375568,1AhqOHom9BY,pr3gpMY1FrI
tt0986263,UGwQ74cH5O0,HBNfdB-dcRc
tt0479997,67wCc-mei1Q,RAy6qEqtugc
tt0882977,rieI5g9fgRc,Lulue4Ge4Go
tt1899353,cYFDDFPD_cw,jZ1j_5wnfS4
tt0816442,92EBSmxinus,EE6b8coKDeQ
tt1835977,BdPD1ylPwms,sdzdJB65Yds
tt1024255,NdYXF6JESPc,
tt0293508,N91AL8sAh9o,KydxbnVsrxg
tt1631867,fLe_qO4AE-M,lRbMOyy_Bdw
tt0097659,St77yf9Du5w,PuaprdDG0FM
tt0100029,QKqjwvWNnzg,PasKr_LqV1s
tt1183252,0Onmgwe5xi8,3a5DKjt7Whc
tt1010048,kuSTr48P9mc,rkiL1ZXV18U
tt2386278,b-iEIPCmfak,uc3E0rBwcFE
tt0118617,eNj53-mu7xw,pUk3Fur-CzE
tt0120611,cNEXUOoL400,eSLLmPBvs-A
tt0187738,vAUB7dcUn8o,AuB96DIxoX8
tt0359013,fPcNbsW69Eg,Bi6USo3QUMk
tt0421715,nE8i_QOjsy8,P81VUgszno4
tt0756683,9mOIxyRTY5I,sH1c60DO3CI
tt0910970,8-_9n5DtKOc,2lYBXUcprHw
tt0385002,EAe-1Lv1KYU,hz7XYLfynyk
tt1731141,2SRizeR4MmU,80uXQxSc_2w
tt0082562,-kG3Unh9JEc,
tt0107688,wr6N_hZyBCk,04nT2wXXEm4
tt0184526,1eYxzAb4vME,
tt0241760,k2XSS35bXLM,
tt1772264,rawTSQ1RKQ0,v52_gq3XA38
tt0374887,6lCGvu-hwX4,8_KohlKR8e8
tt1483025,l1Y88nfJhDM,BrBVRpLO8mk
tt0111161,NmzuHjWmXOc,zjf1FFK38EE
tt1528071,B8s_1UcdoNI,nSuN9Kw30LQ
tt0829150,hZFZxEnB7ws,UPUH1TTf2fI
tt1790864,K1In45K0DGc,AXtEiiXWeoM
tt0401792,zikBCuWQejc,zikBCuWQejc
tt0458481,nqRRF5y94uE,qKPIQKCfDjw
tt2267998,QZsF7IRTgMQ,il5pBokQymQ
tt0309698,TQkG2x3qTf4,f5IepphgO1s
tt0073195,U1fu_sA7XhE,5OHGCXnzHgI
tt2911666,2AUmvWm5ZDQ,gLGaBb_EFkg
tt0172493,5BHHUBZf7y4,A-fbi9b4Avc
tt3963170,,TW8sHq9qPHE
tt2338151,SOXWc32k4zA,fWFhfvpAr80
tt0076727,,rX1JWSTTksw
tt2669336,_YhP-VfH81E,U0Mmq1VfjF4
tt2582802,7d_jQycdQGo,Q9PxDPOo1jw
tt1606389,PcL24s-S6ns,jku_asz5OzU
tt0113497,DvQ-PGUr6SM,LwuELqzMg6E
tt0494238,6wKm5vU6SSU,lbGUmawxBMw
tt0825232,vc3mkG21ob4,9kqscVxFtv0
tt1038686,AVZckbroGsk,82nJVga2Cco
tt0059578,DDRNEwFOttw,TLhAkxSdnW8
tt0319262,Ku_IseK3xTc,IN79kI4VlNk
tt1188729,PItZ-qr9jG8,NtWD7TKDCtk
tt0232500,2TAOizOnNPo,m6npUWOaitg
tt0322259,F_VIM03DXWI,oxHiUwnL0KM
tt0463985,mgb-T6PvuvY,IMWxzXVzyLQ
tt1013752,k98tBkRsGl4,1QtroroMn2s
tt1596343,mw2AqdB5EVA,-GWhIfR779I
tt1905041,dKi5XoeTN0k,ye-ypP8f5ik
tt2820852,Skpu5HaVkOc,JT9FkTGcn1o
tt0183790,zH6U5y086hw,lWDt45IQFrY
tt0053291,rI_lUHOCcbc,ntToqmrru8M
tt0207201,VFwHs7fEUNs,FQZ_yRFtlxw
tt1392190,vjBb4SZ0F6Q,an_MiUmpgs0
tt0118799,pAYEQP8gx3w,Hpr_VKYNeT8
tt0805526,ucMh_yldxs0,1zsBdqR_AwI
tt0238380,raleKODYeg0,rU3l61brRx4
tt0265208,s_b2APr9D48,12gWUaFCHXY
tt0314331,fOS-HMiVejo,DR6_SOYKeOU
tt1077368,N6tVdffCr_M,wiYWPAXdvTU
tt3659388,PnzIxF_Z4oI,ej3ioOneTy8
tt0275847,wAtaSKQ4-T0,QpVvxrq7-nY
tt1798684,Mh2ebPxhoLs,SnD6kC5-4Bw
tt0100405,Wzii8IuL8lk,IlHSuSod-TM
tt0120815,RYID71hYHzg,fGgLCJieJH4
tt0243155,UOclJuO3W1U,Xwc-yo6itdU
tt0470752,EoQuVnKhxaM,lQb_dIJ_jFk
tt0103668,,jd2JX3xV1ME
tt0139809,XF6etkcJp_c,HHc5uiVSxuc
tt0366627,eAbvFMRTBe0,zEYxiOSwU9s
tt1431045,Xithigfg7dA,IvZP10GNMuU
tt0795351,Ok-5lWGBQr8,sDbzBbViJXU
tt0325980,naQr0uTrH_s,SBxju8HuSIQ
tt0383574,iPKbf7H8qC8,7Xfs8FLZ0u0
tt0449088,HKSZtp_OGHY,VShfd35frNg
tt1298650,QQ_1ZZSNFuQ,xICp7J0kEmY
tt0318081,YvkYhO1FYug,vQY1bwql7yQ
tt1211956,CI4EjV_x_PQ,lv-u3tHkpL8
tt0114168,dM1jktXwcSI,4rK819uOd6g
tt1911644,N2I85cPlhk0,QbWcfhnZt4c
tt1258197,bkdt2Sygew0,g5bzBfUiDjs
tt0758746,ANrq_t617to,oMSxTuvCJso
tt4084744,tsfOuqMOmDk,nR7Wdy-3-TA
tt3062096,RH2BD49sEZI,G3mHfLDUUvc
tt0472033,_qApXdc1WPY,hVQzUWA3Z4g
tt0478970,QfOZWGLT1JM,EinOUn8wI-0
tt1051904,7Cn716jv61s,60MdwJiaO2c
tt1798709,6QRvTv_tpw0,prQnPNmqN_w
tt1211837,HSzx-zryEgM,T3PRvyIaMws
tt0440963,ZT2ZxjUjSo0,dMS8UjIS9AQ
tt0116365,0yqhND5i05M,wqaO-XglNDM
tt0421073,4m2axi2J4Sg,mEtrlZIfn1c
tt0268695,90T7iLuzFgg,jwpaM4lgH8o
tt0884328,LhCKXJNGzN8,8YnayhQGxcg
tt1355644,7BWWWQzTpNU,Y7JCghWjj_A
tt3731562,44LdLqgOpjo,
tt0468569,EXeTwQWrcwY,JpuWCQzgQSw
tt0114369,znmZoVkCjpI,hI4m3HTGFJk
tt2225554,RKXOVbX62Yo,Sm5cWRmtBqA
tt0448011,RQE-rB3Nkh8,UXuRh3RdeCE
tt3896198,duGqrYw4usE,w5siIauNEw4
tt2316204,svnAD0TApb8,ywIcMi835ak
tt3874544,O2Bsw3lrhvs,gbuqAoMi-T8
tt1853728,mUtUKeJSWbI,4McenUEna3E
tt0079579,,9noEXoYStAA
tt0113101,S_Pd2pGkq54,DBHLiYkG_m8
tt2119532,s2-1hz1juBI,VxaGyCaCouY
tt0110478,507KAlpplHw,bxmotUYkB7s
tt0160399,Vh6xFG7l8ss,RnjnqM2xZTQ
tt0338337,284kahCx42s,2KYT4h3TBoc
tt2543164,AMgyWT075KY,5Dyoa99FZiw
tt3949660,3CKgLNGfdSM,LaSBx_kFMf8
tt3385516,N0io2w_6vT8,RrbgsBPbUtk
tt3315342,gbug3zTm3Ws,fvKoxUs--7A
tt1179933,saHzng8fxLs,zTU_Z0ukIec
tt2140379,3agaVwt0tb8,mDaNCoI0iqU
tt1823672,lyy7y0QOK-0,YQ1CtGUgCbQ
tt0099938,PeH_fzD5W8w,
tt0462590,xftx7GnVJcU,mnnqdSHMKmQ
tt1190080,sFXGrTng0gQ,swYMx2suhLs
tt1187064,17XqBdCiHOI,k0STO2klgbU
tt1396484,FnCdOQsX5kc,bWkSUCMjPnc
tt0120828,YQ3Ux3hq3JA,NuA4dDrx_Cc
tt1691916,q3Zyy4ZXegE,2Ql_FwuHAFw
tt1924396,zJGleGyahC8,PHl6YsHGzFQ
tt0350475,,MeF_pkPQnD0
tt0107034,VuyKnEhq4s8,uGmfsNJZOio
tt1840309,sutgWjz10sM,Jwc0jgqtCgU
tt2872718,X8kYDQan8bw,68hqkICs7Ag
tt0481369,wry-wE57qvg,BD_FrzfkJTM
tt1872194,LRHXo8_PeZM,iQ7E3QozGPA
tt1465522,j0hJSCqqIs4,apJnxhxefHE
tt4501244,CO6qLC4cL8E,19v1MnY3Uf0
tt0914798,9ypMp0s5Hiw,Dd2mPCSwCf0
tt0120201,Y07I_KER5fE,hcXdXNSOIHg
tt0373074,-m3IB7N_PRk,08yjz92na8o
tt0829297,pDtvMVzYpKc,5mH6rYTM1Lo
tt2084970,nuPZUUED5uk,z5ywP9odJXo
tt0119217,PaZVjZEFkRs,kPvph3I3wLU
tt2380307,Ga6RYejo6Hk,WEdHli4e_Sw
tt2873282,Q3m155Oj-V0,QSF5iUL4nbA
tt2543472,ngiK1gQKgK8,3PagX93qtR4
tt0378262,dgVoSsCfZbQ,SM3T5ba2HV0
tt0405159,5_RsHRmIRBY,9SdGoLWNTBU
tt0297284,BIUk1yCVMNY,Yp-g6J79ATE
tt1355630,rMp896hfp74,30DSl7AN1cc
tt1446192,aPLiBxhoug0,m7e3swjcWck
tt1067106,VZ3lr3urgDU,h9jOaIB1VGo
tt3411444,WS-ZmE3bhJM,nVXp3aOd6-o
tt1438254,MzgOvvMi8Lg,K5PfaS3eiTk
tt0221027,scWkP1GdnuU,k28xJyEbWS8
tt0837562,2Ioqovct5Vs,Kt1byI_IuUY
tt7063210,,tvxKQKwdYxU
tt1155076,2SmmxvHLsKk,fAMLB3FpkyY
tt0499549,5PSNL1qE6VY,Tq6V6vlYrFg
tt2283362,2QKg5SZ_35I,UzWPF4MyqbQ
tt3402236,Mq4m3yAoW8E,WD63wCGJH7Y
tt0848228,eOrNdBpGMv8,yalRxS_pLE0
tt2395427,tmeOjFno6Do,4iBm8dQGh7M
tt2510894,i73c3dgGxRQ,bBFX1UjfyEY
tt0458339,JerVrbLldXw,ii1KbRqAzTw
tt1843866,7SlILk2WMTI,sxtuHEazdoQ
tt3498820,dKrVegVI0Us,AaEH4AgPb2A
tt0800369,JOddp-nlNvQ,y00d5f5qmIs
tt1981115,npvJ9FTgZbM,4jPQDN6wSnQ
tt3501632,ue80QwXMRHg,I_y0tFpezQU
tt0317705,eZbzbC9285I,Li8hi4mX06E
tt5463162,20bpjtCbCz0,n12XYaSKG7k
tt0796366,pKFUZ10Wmbw,Jp8gOBemZg4
tt0457993,xsDhcILd794,IyTquIcETPM
tt4481414,tI01wBXGHUs,1F-_fRI6Wr4
tt1979388,O-RgquKVTPE,4eJF3QGriP0
tt2709768,-yPuWcCykNk,sLwhyRE0PC0
tt4857264,epCg2RbyF80,CfmK-lX7nXo
tt2948356,jWM0ct-OLsM,hIMCJNAcuJE
tt3316960,ZrXrZ5iiR0o,6Y5iDSpwBpc
tt4729560,Wr0EpTWj_RI,VCwkkx-HQNI
tt0080439,Ddt3LOfzI9k,R1oxUwdTL2Q
tt1825683,1DvkET2G9hI,xjDjIWPwcPU
tt0120789,FONU27vOUms,dSDm62Hmbf4
tt0308644,1qwk7w9sAHA,M5_AOB9eCDM
tt0339291,Iz4HIkzuBj0,fccho1IyX8Y
tt0122768,uzz3oXQERv4,K2Nd-Qo3TeY
tt1985949,KETYlX01nYI,0qJzWrq7les
tt2557478,sZiW5q9w5hM,_EhiLLOhVis
tt1935859,H01vuSUJJJk,mAdpJw-MM-M
tt0097165,_ihVXaIlfJo,4lj185DaZ_o
tt0315327,lv7fMWm1Sfo,fe-luzrqWSk
